{"cameraMode":{"drawMode":0,"name":"Shaded","section":"Shading Mode"},"sceneLighting":false,"audioPlay":false,"sceneViewState":{"m_AlwaysRefresh":false,"showFog":true,"showSkybox":false,"showFlares":true,"showImageEffects":true,"showParticleSystems":true,"showVisualEffectGraphs":true,"m_FxEnabled":true},"in2DMode":false,"pivot":{"x":1.0153018236160279,"y":0.12142900377511978,"z":0.33208367228507998},"rotation":{"x":0.043707914650440219,"y":-0.8268474340438843,"z":0.06488058716058731,"w":0.5569683313369751},"size":0.21326249837875367,"orthographic":false}